run_id,scenario,backend,grid_nx,grid_ny,steps,total_time_s,pressure_time_s,transport_time_s,transfer_time_s,speedup_vs_cpu,mass_err_rel,l2_sw,l2_p
20260310_071854_450__model1__cpu__s1__n50__oe10__benchmark-matrix,minimal_16x16,cpu,16,16,20,0.00214254,0.000630948,0.0015116,0.0,1.0,1.74536e-15,0.0,0.0
20260310_071854_579__model1__gpu__s1__n50__oe10__benchmark-matrix,minimal_16x16,gpu,16,16,20,0.305208,0.294883,0.0103246,0.0,0.00701993394668554,1.74519e-15,7.733160459730597e-10,9.244321319000398e-10
20260310_071855_311__model1__cpu__s2__n50__oe10__benchmark-matrix,minimal_16x16,cpu,16,16,20,0.00186184,0.000529007,0.00133284,0.0,1.0,1.74536e-15,0.0,0.0
20260310_071855_420__model1__gpu__s2__n50__oe10__benchmark-matrix,minimal_16x16,gpu,16,16,20,0.219391,0.210864,0.00852764,0.0,0.008486400991836493,1.74519e-15,7.733160459730597e-10,9.244321319000398e-10
20260310_071855_901__model1__cpu__s3__n50__oe10__benchmark-matrix,minimal_16x16,cpu,16,16,20,0.00181702,0.000503819,0.0013132,0.0,1.0,1.74536e-15,0.0,0.0
20260310_071856_006__model1__gpu__s3__n50__oe10__benchmark-matrix,minimal_16x16,gpu,16,16,20,0.21376,0.205685,0.00807496,0.0,0.008500280688622753,1.74519e-15,7.733160459730597e-10,9.244321319000398e-10
