run_id,scenario,backend,grid_nx,grid_ny,steps,total_time_s,pressure_time_s,transport_time_s,transfer_time_s,speedup_vs_cpu,mass_err_rel,l2_sw,l2_p
20260310_115911_218__model1__cpu__n50__oe10__benchmark-matrix-r1,minimal_16x16,cpu,16,16,20,0.00180818,0.000498692,0.00130949,0.0,1.0,1.74536e-15,0.0,0.0
20260310_115911_319__model1__gpu__n50__oe10__benchmark-matrix-r1,minimal_16x16,gpu,16,16,20,0.242015,0.233866,0.00814927,0.0,0.007471355081296613,1.74519e-15,7.733160459730597e-10,9.244321319000398e-10
20260310_115911_798__model1__cpu__n50__oe10__benchmark-matrix-r2,minimal_16x16,cpu,16,16,20,0.0018192,0.000497441,0.00132176,0.0,1.0,1.74536e-15,0.0,0.0
20260310_115911_901__model1__gpu__n50__oe10__benchmark-matrix-r2,minimal_16x16,gpu,16,16,20,0.206815,0.198754,0.00806071,0.0,0.008796267195319488,1.74519e-15,7.733160459730597e-10,9.244321319000398e-10
20260310_115912_346__model1__cpu__n50__oe10__benchmark-matrix-r3,minimal_16x16,cpu,16,16,20,0.00183665,0.000504561,0.00133209,0.0,1.0,1.74536e-15,0.0,0.0
20260310_115912_449__model1__gpu__n50__oe10__benchmark-matrix-r3,minimal_16x16,gpu,16,16,20,0.203997,0.195953,0.00804418,0.0,0.009003318676255043,1.74519e-15,7.733160459730597e-10,9.244321319000398e-10
