run_id,scenario,backend,grid_nx,grid_ny,steps,total_time_s,pressure_time_s,transport_time_s,transfer_time_s,speedup_vs_cpu,mass_err_rel,l2_sw,l2_p
20260310_174437_511__model1__cpu__n50__oe10__benchmark-matrix-r1,minimal_16x16,cpu,16,16,20,0.00182417,0.000524847,0.00129932,0.0,1.0,1.74536e-15,0.0,0.0
20260310_174437_610__model1__gpu__n50__oe10__benchmark-matrix-r1,minimal_16x16,gpu,16,16,20,0.29483,0.283029,0.0118014,0.0,0.00618719261947563,1.74519e-15,7.733160459730597e-10,9.244321319000398e-10
20260310_174438_253__model1__cpu__n50__oe10__benchmark-matrix-r2,minimal_16x16,cpu,16,16,20,0.00193511,0.000575575,0.00135954,0.0,1.0,1.74536e-15,0.0,0.0
20260310_174438_351__model1__gpu__n50__oe10__benchmark-matrix-r2,minimal_16x16,gpu,16,16,20,0.221566,0.213347,0.00821894,0.0,0.008733785869673145,1.74519e-15,7.733160459730597e-10,9.244321319000398e-10
20260310_174438_844__model1__cpu__n50__oe10__benchmark-matrix-r3,minimal_16x16,cpu,16,16,20,0.00192767,0.000572674,0.00135499,0.0,1.0,1.74536e-15,0.0,0.0
20260310_174438_936__model1__gpu__n50__oe10__benchmark-matrix-r3,minimal_16x16,gpu,16,16,20,0.223736,0.215444,0.0082915,0.0,0.008615824006865235,1.74519e-15,7.733160459730597e-10,9.244321319000398e-10
