run_id,scenario,backend,grid_nx,grid_ny,steps,total_time_s,pressure_time_s,transport_time_s,transfer_time_s,speedup_vs_cpu,mass_err_rel,l2_sw,l2_p
20260309_201053_501_cpu_1,model2_32x32,cpu,32,32,30,0.0095297,0.00116173,0.00836797,0.0,1.0,0,0.0,0.0
20260309_201053_599_gpu_1,model2_32x32,gpu,32,32,30,0.293787,0.282534,0.0112524,0.0,0.03243744617699217,0,0.0,0.0
20260309_201054_146_cpu_2,model2_32x32,cpu,32,32,30,0.0095505,0.00115979,0.00839071,0.0,1.0,0,0.0,0.0
20260309_201054_242_gpu_2,model2_32x32,gpu,32,32,30,0.163608,0.152117,0.011491,0.0,0.05837428487604518,0,0.0,0.0
20260309_201054_623_cpu_3,model2_32x32,cpu,32,32,30,0.00947046,0.00115118,0.00831927,0.0,1.0,0,0.0,0.0
20260309_201054_725_gpu_3,model2_32x32,gpu,32,32,30,0.172685,0.161298,0.0113874,0.0,0.05484240090337898,0,0.0,0.0
